Duration;Process Name;Process ID;CPU ms/s;User%;Deadlines; (<2 ms, 2-5 ms);Wakeups;(intr,pkg,idle);EnergyImpact;;
17:03:49;WebApp ;8163;57.28; 92.330.000.03;;;8.06;0.37 ;54.53;;
17:04:19;WebApp ;8163;27.26; 88.190.000.00;;;7.32;0.83 ;32.50;;
17:04:49;WebApp ;8163;31.03; 88.390.000.00;;;7.49;0.57 ;33.85;;
17:05:19;WebApp ;8163;33.64; 86.690.170.00;;;7.95;0.93 ;21.18;;
17:05:49;WebApp ;8163;23.52; 82.240.000.07;;;7.45;1.13 ;13.34;;
17:06:19;WebApp ;8163;25.09; 76.360.030.00;;;7.39;0.83 ;9.38 ;;
17:06:49;WebApp ;8163;23.14; 77.140.100.07;;;7.39;0.70 ;11.81;;0,00
17:07:19;WebApp ;8163;22.84; 79.200.030.00;;;7.62;0.96 ;16.38;;
17:07:49;WebApp ;8163;10.72; 67.790.000.03;;;7.45;1.06 ;1.20 ;;
17:08:19;WebApp ;8163;13.12; 73.210.070.03;;;7.49;0.63 ;2.33 ;;
17:08:49;WebApp ;8163;13.61; 70.600.030.10;;;7.06;0.83 ;2.45 ;;
17:09:19;WebApp ;8163;15.85; 65.020.030.10;;;7.32;0.73 ;3.16 ;;
17:09:49;WebApp ;8163;13.69; 69.720.000.03;;;7.85;0.90 ;1.88 ;;
17:10:19;WebApp ;8163;13.09; 68.280.030.03;;;7.56;0.67 ;2.17 ;;
17:10:49;WebApp ;8163;11.46; 69.290.000.03;;;7.39;0.96 ;1.61 ;;
17:11:19;WebApp ;8163;11.02; 64.710.000.00;;;7.52;0.60 ;1.77 ;;
17:11:49;WebApp ;8163;14.20; 72.610.000.00;;;7.99;0.77 ;2.20 ;;
17:12:19;WebApp ;8163;8.31 ; 67.100.000.03;;;7.52;1.36 ;1.09 ;;
17:12:49;WebApp ;8163;9.31 ; 66.440.000.07;;;7.59;0.70 ;1.19 ;;
17:13:19;WebApp ;8163;9.00 ; 65.820.000.00;;;7.89;0.90 ;1.22 ;;
17:13:50;WebApp ;8163;7.01 ; 60.480.000.00;;;7.99;1.06 ;0.53 ;;
17:14:20;WebApp ;8163;9.47 ; 68.720.000.03;;;7.92;0.83 ;2.31 ;;
17:14:50;WebApp ;8163;9.23 ; 66.370.030.00;;;7.82;1.00 ;1.45 ;;
17:15:20;WebApp ;8163;10.39; 70.860.000.03;;;7.62;0.73 ;1.64 ;;
17:15:50;WebApp ;8163;14.12; 64.620.030.00;;;7.85;0.93 ;2.58 ;;
17:16:20;WebApp ;8163;11.33; 71.380.030.00;;;7.55;0.53 ;1.94 ;;
17:16:50;WebApp ;8163;10.48; 67.760.070.00;;;7.99;0.83 ;1.68 ;;
17:17:20;WebApp ;8163;14.56; 68.680.030.10;;;7.99;0.67 ;2.58 ;;
17:17:50;WebApp ;8163;24.56; 67.470.000.03;;;8.02;0.80 ;5.56 ;;
17:18:20;WebApp ;8163;13.26; 61.880.070.03;;;7.72;0.67 ;2.02 ;;
17:18:50;WebApp ;8163;9.15 ; 64.870.000.07;;;7.99;1.06 ;1.75 ;;
17:19:20;WebApp ;8163;16.02; 58.340.000.00;;;7.65;0.87 ;2.72 ;;
17:19:50;WebApp ;8163;12.07; 60.340.030.00;;;7.82;0.77 ;2.06 ;;
17:20:20;WebApp ;8163;12.24; 65.260.000.03;;;7.69;0.77 ;1.91 ;;
17:20:50;WebApp ;8163;10.46; 66.290.000.00;;;8.35;0.93 ;1.74 ;;
17:21:20;WebApp ;8163;7.78 ; 64.720.000.07;;;7.75;0.73 ;1.06 ;;
17:21:50;WebApp ;8163;10.56; 59.260.030.07;;;8.25;1.10 ;1.97 ;;
17:22:20;WebApp ;8163;12.02; 58.810.070.03;;;7.92;0.60 ;2.21 ;;
17:22:51;WebApp ;8163;18.36; 67.360.100.00;;;8.59;0.70 ;4.34 ;;
17:23:21;WebApp ;8163;11.56; 64.060.100.00;;;7.99;0.96 ;1.64 ;;
17:23:51;WebApp ;8163;13.03; 61.380.070.13;;;8.02;1.10 ;1.83 ;;
17:24:21;WebApp ;8163;9.02 ; 62.020.000.07;;;8.15;1.00 ;1.24 ;;
17:24:51;WebApp ;8163;10.68; 68.330.000.03;;;8.22;1.06 ;1.13 ;;
17:25:21;WebApp ;8163;13.16; 64.120.030.00;;;8.05;1.00 ;1.70 ;;
17:25:51;WebApp ;8163;13.67; 65.990.030.00;;;8.15;0.77 ;2.77 ;;
17:26:21;WebApp ;8163;9.13 ; 65.960.000.03;;;8.05;1.07 ;1.19 ;;
17:26:51;WebApp ;8163;8.15 ; 60.470.000.03;;;8.32;1.13 ;0.80 ;;
17:27:21;WebApp ;8163;9.19 ; 69.000.030.00;;;8.38;0.70 ;2.40 ;;
17:27:51;WebApp ;8163;7.93 ; 60.770.030.00;;;8.65;1.56 ;0.85 ;;
17:28:21;WebApp ;8163;11.14; 60.840.070.00;;;8.42;1.13 ;1.42 ;;
17:28:51;WebApp ;8163;14.66; 58.250.030.03;;;8.32;1.00 ;2.65 ;;
17:29:21;WebApp ;8163;12.28; 65.640.030.07;;;8.02;0.90 ;2.06 ;;
17:29:51;WebApp ;8163;8.87 ; 73.220.000.03;;;8.52;1.16 ;1.82 ;;
17:30:21;WebApp ;8163;10.61; 67.000.030.00;;;8.22;0.83 ;1.49 ;;
17:30:51;WebApp ;8163;10.46; 72.600.000.07;;;8.79;0.83 ;1.58 ;;
17:31:21;WebApp ;8163;6.92 ; 62.950.070.03;;;8.39;0.97 ;0.53 ;;
17:31:52;WebApp ;8163;6.20 ; 64.570.030.00;;;8.68;0.60 ;0.43 ;;
17:32:22;WebApp ;8163;16.40; 83.500.030.00;;;8.38;0.87 ;20.32;;
17:32:52;WebApp ;8163;7.94 ; 68.650.070.00;;;9.02;1.53 ;0.62 ;;
17:33:22;WebApp ;8163;8.44 ; 66.210.000.10;;;9.22;1.26 ;1.98 ;;
17:33:52;WebApp ;8163;10.56; 71.050.100.03;;;8.92;1.50 ;3.31 ;;
17:03:49;Catalog.API;8154;41.23; 92.000.000.00;;;6.30;0.50 ;50.24;;
17:04:19;Catalog.API;8154;20.05; 92.300.000.00;;;5.33;0.60 ;19.63;;
17:04:49;Catalog.API;8154;15.78; 89.030.000.00;;;5.09;0.53 ;20.22;;
17:05:19;Catalog.API;8154;17.19; 85.400.000.03;;;5.03;0.60 ;15.27;;
17:05:49;Catalog.API;8154;8.84 ; 74.740.000.00;;;4.79;0.73 ;3.52 ;;
17:06:19;Catalog.API;8154;13.15; 72.160.000.00;;;4.96;0.47 ;3.82 ;;
17:06:49;Catalog.API;8154;13.90; 79.210.000.00;;;4.93;0.40 ;5.07 ;;
17:07:19;Catalog.API;8154;11.93; 75.190.030.00;;;4.99;0.57 ;4.57 ;;
17:07:49;Catalog.API;8154;7.82 ; 76.730.070.00;;;5.12;0.60 ;1.15 ;;
17:08:19;Catalog.API;8154;6.68 ; 78.460.000.00;;;5.09;0.70 ;1.21 ;;
17:08:49;Catalog.API;8154;6.67 ; 71.820.000.00;;;4.56;0.37 ;1.21 ;;
17:09:19;Catalog.API;8154;9.65 ; 67.210.000.00;;;4.96;0.47 ;1.95 ;;
17:09:49;Catalog.API;8154;6.12 ; 73.910.000.00;;;4.73;0.33 ;0.85 ;;
17:10:19;Catalog.API;8154;8.44 ; 75.900.000.00;;;4.83;0.40 ;1.55 ;;
17:10:49;Catalog.API;8154;5.86 ; 72.980.000.03;;;4.96;0.50 ;0.86 ;;
17:11:19;Catalog.API;8154;5.60 ; 71.660.030.00;;;4.86;0.40 ;0.93 ;;
17:11:49;Catalog.API;8154;6.96 ; 70.270.000.00;;;5.06;0.60 ;1.72 ;;
17:12:19;Catalog.API;8154;4.93 ; 65.420.000.00;;;4.82;0.87 ;0.60 ;;
17:12:49;Catalog.API;8154;8.21 ; 77.920.030.00;;;4.69;0.50 ;1.53 ;;
17:13:19;Catalog.API;8154;4.60 ; 70.300.000.00;;;4.39;0.53 ;0.67 ;;
17:13:50;Catalog.API;8154;2.89 ; 70.740.000.00;;;4.82;0.40 ;0.17 ;;
17:14:20;Catalog.API;8154;4.81 ; 71.710.000.00;;;4.79;0.60 ;0.84 ;;
17:14:50;Catalog.API;8154;6.65 ; 70.950.000.00;;;4.49;0.43 ;1.53 ;;
17:15:20;Catalog.API;8154;9.31 ; 82.440.000.00;;;4.69;0.47 ;2.25 ;;
17:15:50;Catalog.API;8154;7.89 ; 62.650.000.03;;;5.06;0.53 ;1.54 ;;
17:16:20;Catalog.API;8154;5.04 ; 78.610.000.03;;;4.69;0.63 ;0.74 ;;
17:16:50;Catalog.API;8154;6.16 ; 74.930.000.00;;;4.79;0.53 ;1.38 ;;
17:17:20;Catalog.API;8154;7.37 ; 70.870.030.00;;;5.06;0.57 ;1.64 ;;
17:17:50;Catalog.API;8154;13.59; 66.420.000.00;;;5.52;0.53 ;3.17 ;;
17:18:20;Catalog.API;8154;8.44 ; 63.230.000.00;;;4.99;0.37 ;1.54 ;;
17:18:50;Catalog.API;8154;5.91 ; 64.140.000.00;;;4.66;0.40 ;1.37 ;;
17:19:20;Catalog.API;8154;12.96; 73.700.000.00;;;5.16;0.60 ;3.87 ;;
17:19:50;Catalog.API;8154;7.44 ; 61.120.000.00;;;4.96;0.63 ;1.54 ;;
17:20:20;Catalog.API;8154;7.13 ; 70.460.030.03;;;4.99;0.33 ;1.41 ;;
17:20:50;Catalog.API;8154;7.44 ; 72.260.000.03;;;4.76;0.27 ;1.58 ;;
17:21:20;Catalog.API;8154;4.34 ; 75.940.000.00;;;4.69;0.57 ;0.56 ;;
17:21:50;Catalog.API;8154;6.07 ; 73.350.000.00;;;4.96;0.60 ;1.08 ;;
17:22:20;Catalog.API;8154;7.11 ; 65.660.000.00;;;5.06;0.30 ;1.45 ;;
17:22:51;Catalog.API;8154;9.86 ; 63.760.000.00;;;4.99;0.30 ;2.55 ;;
17:23:21;Catalog.API;8154;14.02; 80.560.100.00;;;5.52;0.80 ;5.07 ;;
17:23:51;Catalog.API;8154;6.16 ; 70.890.000.00;;;4.72;0.57 ;0.71 ;;
17:24:21;Catalog.API;8154;3.57 ; 77.310.000.00;;;4.72;0.63 ;0.37 ;;
17:24:51;Catalog.API;8154;4.61 ; 72.910.000.00;;;4.79;0.77 ;0.40 ;;
17:25:21;Catalog.API;8154;6.39 ; 69.960.000.00;;;4.96;0.53 ;0.90 ;;
17:25:51;Catalog.API;8154;6.78 ; 67.750.000.00;;;4.69;0.50 ;1.71 ;;
17:26:21;Catalog.API;8154;5.02 ; 71.420.000.00;;;4.59;0.40 ;0.85 ;;
17:26:51;Catalog.API;8154;4.29 ; 73.030.000.03;;;4.69;0.40 ;0.50 ;;
17:27:21;Catalog.API;8154;4.32 ; 80.230.000.00;;;4.89;0.63 ;0.71 ;;
17:27:51;Catalog.API;8154;3.74 ; 71.030.000.00;;;4.86;0.80 ;0.46 ;;
17:28:21;Catalog.API;8154;5.99 ; 65.300.030.03;;;5.02;0.53 ;1.04 ;;
17:28:51;Catalog.API;8154;8.34 ; 64.510.030.00;;;5.02;0.43 ;1.86 ;;
17:29:21;Catalog.API;8154;6.84 ; 71.410.000.03;;;4.63;0.33 ;1.79 ;;
17:29:51;Catalog.API;8154;3.35 ; 69.990.000.03;;;5.09;0.57 ;0.43 ;;
17:30:21;Catalog.API;8154;4.55 ; 71.860.000.00;;;4.52;0.53 ;0.73 ;;
17:30:51;Catalog.API;8154;2.97 ; 72.620.000.00;;;4.66;0.33 ;0.38 ;;
17:31:21;Catalog.API;8154;2.55 ; 74.610.000.00;;;4.66;0.63 ;0.16 ;;
17:31:52;Catalog.API;8154;2.02 ; 76.650.000.03;;;5.02;0.50 ;0.14 ;;
17:32:22;Catalog.API;8154;2.43 ; 80.190.000.00;;;4.79;0.53 ;0.33 ;;
17:32:52;Catalog.API;8154;2.03 ; 81.090.000.00;;;5.16;0.57 ;0.12 ;;
17:33:22;Catalog.API;8154;6.92 ; 87.300.000.00;;;4.59;0.40 ;12.87;;
17:33:52;Catalog.API;8154;5.14 ; 81.780.030.00;;;4.76;0.47 ;5.07 ;;
17:0+A124:A1843:49;Google Chrome;4514;107.64 ; 75.600.000.00;;;6.86;0.43 ;14.52;;
17:04:19;Google Chrome;4514;87.75; 77.080.000.00;;;9.29;0.57 ;13.94;;
17:04:49;Google Chrome;4514;115.74 ; 75.920.000.00;;;8.59;0.90 ;17.03;;
17:05:19;Google Chrome;4514;88.75; 76.240.000.00;;;7.09;0.33 ;13.05;;
17:05:49;Google Chrome;4514;106.68 ; 76.620.000.00;;;7.29;0.33 ;15.74;;
17:06:19;Google Chrome;4514;133.97 ; 77.040.000.00;;;8.79;0.87 ;19.68;;
17:06:49;Google Chrome;4514;103.34 ; 76.990.000.00;;;8.52;0.73 ;15.88;;
17:07:19;Google Chrome;4514;60.48; 75.870.000.00;;;5.29;0.27 ;8.67 ;;
17:07:49;Google Chrome;4514;44.12; 75.410.030.00;;;3.29;0.17 ;4.73 ;;
17:08:19;Google Chrome;4514;60.72; 76.340.000.00;;;4.56;0.43 ;8.05 ;;
17:08:49;Google Chrome;4514;89.49; 77.030.000.00;;;5.22;0.37 ;12.56;;
17:09:19;Google Chrome;4514;103.25 ; 77.220.000.00;;;8.05;0.53 ;15.14;;
17:09:49;Google Chrome;4514;92.34; 76.310.000.00;;;4.73;0.37 ;11.08;;
17:10:19;Google Chrome;4514;106.30 ; 75.380.000.00;;;6.73;0.43 ;14.19;;
17:10:49;Google Chrome;4514;42.28; 77.250.000.00;;;4.89;0.27 ;6.56 ;;
17:11:19;Google Chrome;4514;80.14; 77.100.000.00;;;4.82;0.33 ;10.17;;
17:11:49;Google Chrome;4514;69.44; 76.610.000.00;;;4.16;0.47 ;7.71 ;;
17:12:19;Google Chrome;4514;59.52; 76.090.000.00;;;3.76;0.30 ;7.98 ;;
17:12:49;Google Chrome;4514;110.59 ; 76.610.000.00;;;4.86;0.33 ;15.02;;
17:13:19;Google Chrome;4514;83.74; 76.840.000.00;;;4.73;0.47 ;11.03;;
17:13:50;Google Chrome;4514;72.78; 75.710.000.00;;;3.93;0.37 ;10.00;;
17:14:20;Google Chrome;4514;72.77; 75.320.000.00;;;4.06;0.23 ;9.02 ;;
17:14:50;Google Chrome;4514;105.03 ; 76.690.000.00;;;5.49;0.47 ;13.47;;
17:15:20;Google Chrome;4514;78.63; 76.280.000.00;;;4.29;0.43 ;10.63;;
17:15:50;Google Chrome;4514;129.11 ; 75.400.000.00;;;6.22;0.30 ;17.17;;
17:16:20;Google Chrome;4514;111.39 ; 75.310.030.00;;;2.30;0.07 ;11.55;;
17:16:50;Google Chrome;4514;107.63 ; 75.640.000.00;;;3.03;0.27 ;13.50;;
17:17:20;Google Chrome;4514;120.31 ; 76.140.000.00;;;5.26;0.37 ;13.53;;
17:17:50;Google Chrome;4514;140.32 ; 75.890.000.00;;;10.51 ;0.57 ;20.06;;
17:18:20;Google Chrome;4514;114.21 ; 76.120.000.00;;;8.12;0.57 ;16.14;;
17:18:50;Google Chrome;4514;97.75; 76.530.000.00;;;4.06;0.13 ;12.24;;
17:19:20;Google Chrome;4514;133.62 ; 76.480.000.00;;;9.08;0.47 ;18.36;;
17:19:50;Google Chrome;4514;119.81 ; 76.600.000.00;;;6.49;0.63 ;16.20;;
17:20:20;Google Chrome;4514;106.18 ; 76.280.000.00;;;7.15;0.37 ;12.79;;
17:20:50;Google Chrome;4514;100.98 ; 77.020.000.00;;;5.62;0.40 ;13.17;;
17:21:20;Google Chrome;4514;93.99; 76.170.000.00;;;5.16;0.63 ;10.96;;
17:21:50;Google Chrome;4514;92.65; 76.470.000.00;;;4.26;0.30 ;10.30;;
17:22:20;Google Chrome;4514;131.57 ; 76.630.000.00;;;5.59;0.60 ;17.51;;
17:22:51;Google Chrome;4514;120.50 ; 76.910.000.00;;;7.09;0.57 ;16.20;;
17:23:21;Google Chrome;4514;107.88 ; 75.370.000.00;;;5.09;0.37 ;11.56;;
17:23:51;Google Chrome;4514;96.81; 76.180.000.00;;;2.50;0.17 ;9.69 ;;
17:24:21;Google Chrome;4514;70.06; 76.420.000.00;;;1.33;0.07 ;6.70 ;;
17:24:51;Google Chrome;4514;47.37; 76.660.000.00;;;1.86;0.33 ;5.56 ;;
17:25:21;Google Chrome;4514;108.11 ; 76.700.000.00;;;5.82;0.67 ;14.44;;
17:25:51;Google Chrome;4514;122.60 ; 76.580.000.00;;;8.02;0.50 ;16.97;;
17:26:21;Google Chrome;4514;71.70; 75.660.000.00;;;4.43;0.67 ;11.18;;
17:26:51;Google Chrome;4514;48.05; 76.770.000.00;;;3.03;0.17 ;6.12 ;;
17:27:21;Google Chrome;4514;63.79; 76.430.000.00;;;2.86;0.20 ;6.93 ;;
17:27:51;Google Chrome;4514;40.34; 77.070.000.00;;;2.59;0.13 ;5.00 ;;
17:28:21;Google Chrome;4514;103.21 ; 76.620.000.00;;;5.72;0.53 ;13.66;;
17:28:51;Google Chrome;4514;127.61 ; 74.890.000.00;;;6.72;0.43 ;19.03;;
17:29:21;Google Chrome;4514;110.23 ; 76.730.000.00;;;6.36;0.50 ;14.25;;
17:29:51;Google Chrome;4514;66.57; 77.790.000.00;;;2.20;0.30 ;7.55 ;;
17:30:21;Google Chrome;4514;68.72; 76.300.000.00;;;4.72;0.37 ;8.61 ;;
17:30:51;Google Chrome;4514;69.38; 76.600.000.00;;;4.06;0.37 ;7.12 ;;
17:31:21;Google Chrome;4514;65.14; 77.890.000.00;;;2.73;0.30 ;6.39 ;;
17:31:52;Google Chrome;4514;63.06; 77.950.000.00;;;2.40;0.27 ;5.87 ;;
17:32:22;Google Chrome;4514;48.85; 74.950.000.00;;;2.60;0.37 ;5.59 ;;
17:32:52;Google Chrome;4514;1.60 ; 88.020.000.00;;;0.93;0.17 ;0.03 ;;
17:33:22;Google Chrome;4514;2.80 ; 83.420.000.00;;;1.96;0.33 ;0.66 ;;
17:33:52;Google Chrome;4514;3.47 ; 83.920.000.00;;;1.96;0.37 ;0.56 ;;
17:03:49;Basket.API ;8148;7.84 ; 92.840.000.00;;;4.93;0.20 ;4.71 ;;
17:04:19;Basket.API ;8148;3.33 ; 81.180.000.00;;;4.93;0.37 ;0.41 ;;
17:04:49;Basket.API ;8148;30.60; 90.260.070.00;;;7.15;0.63 ;41.55;;
17:05:19;Basket.API ;8148;21.69; 85.050.000.00;;;7.09;0.53 ;14.30;;
17:05:49;Basket.API ;8148;15.26; 78.880.000.00;;;7.12;0.60 ;3.68 ;;
17:06:19;Basket.API ;8148;22.35; 82.830.000.00;;;7.16;0.53 ;18.68;;
17:06:49;Basket.API ;8148;16.56; 77.530.000.00;;;7.09;0.73 ;4.91 ;;
17:07:19;Basket.API ;8148;17.86; 84.660.000.00;;;7.09;0.87 ;22.72;;
17:07:49;Basket.API ;8148;7.43 ; 70.320.000.00;;;7.32;0.80 ;0.63 ;;
17:08:19;Basket.API ;8148;8.61 ; 72.290.000.00;;;7.05;0.80 ;1.17 ;;
17:08:49;Basket.API ;8148;9.75 ; 69.510.000.00;;;6.82;0.93 ;1.43 ;;
17:09:19;Basket.API ;8148;9.30 ; 61.050.000.00;;;7.02;0.60 ;1.39 ;;
17:09:49;Basket.API ;8148;8.49 ; 62.930.000.00;;;6.72;0.73 ;1.12 ;;
17:10:19;Basket.API ;8148;9.03 ; 65.150.000.00;;;6.79;0.33 ;1.19 ;;
17:10:49;Basket.API ;8148;7.96 ; 65.470.000.03;;;7.09;0.87 ;0.71 ;;
17:11:19;Basket.API ;8148;6.42 ; 59.670.000.00;;;7.05;0.73 ;0.73 ;;
17:11:49;Basket.API ;8148;5.80 ; 65.220.000.00;;;7.19;1.03 ;0.55 ;;
17:12:19;Basket.API ;8148;5.95 ; 62.300.000.00;;;7.32;0.93 ;0.49 ;;
17:12:49;Basket.API ;8148;6.69 ; 65.060.000.03;;;7.15;0.80 ;0.80 ;;
17:13:19;Basket.API ;8148;6.21 ; 64.840.000.00;;;7.12;0.73 ;0.76 ;;
17:13:50;Basket.API ;8148;5.26 ; 63.190.000.00;;;7.39;0.83 ;0.43 ;;
17:14:20;Basket.API ;8148;5.21 ; 66.330.000.00;;;7.45;1.23 ;0.66 ;;
17:14:50;Basket.API ;8148;6.60 ; 70.290.000.00;;;6.99;0.90 ;0.80 ;;
17:15:20;Basket.API ;8148;6.79 ; 69.590.000.00;;;7.02;0.96 ;0.83 ;;
17:15:50;Basket.API ;8148;7.84 ; 59.880.000.00;;;7.09;0.77 ;1.15 ;;
17:16:20;Basket.API ;8148;6.94 ; 69.070.000.00;;;6.79;0.67 ;0.83 ;;
17:16:50;Basket.API ;8148;7.32 ; 66.320.000.00;;;6.89;0.67 ;0.97 ;;
17:17:20;Basket.API ;8148;8.37 ; 63.980.000.00;;;7.05;1.00 ;1.22 ;;
17:17:50;Basket.API ;8148;17.17; 71.990.000.00;;;6.95;0.67 ;4.63 ;;
17:18:20;Basket.API ;8148;8.92 ; 62.020.000.00;;;6.99;0.93 ;1.25 ;;
17:18:50;Basket.API ;8148;5.86 ; 62.830.000.00;;;6.92;0.90 ;0.70 ;;
17:19:20;Basket.API ;8148;9.76 ; 60.720.000.00;;;6.85;0.80 ;1.40 ;;
17:19:50;Basket.API ;8148;7.08 ; 60.130.000.07;;;7.09;0.53 ;1.04 ;;
17:20:20;Basket.API ;8148;7.34 ; 61.080.000.03;;;6.82;0.77 ;0.93 ;;
17:20:50;Basket.API ;8148;6.78 ; 61.440.030.00;;;7.59;0.63 ;0.84 ;;
17:21:20;Basket.API ;8148;4.83 ; 62.060.000.00;;;6.72;0.53 ;0.48 ;;
17:21:50;Basket.API ;8148;5.85 ; 64.820.000.00;;;7.05;0.70 ;1.05 ;;
17:22:20;Basket.API ;8148;7.42 ; 62.440.000.00;;;7.25;0.57 ;1.04 ;;
17:22:51;Basket.API ;8148;6.55 ; 59.930.000.00;;;6.79;0.67 ;1.08 ;;
17:23:21;Basket.API ;8148;6.86 ; 65.610.000.03;;;7.25;0.73 ;0.77 ;;
17:23:51;Basket.API ;8148;9.95 ; 63.460.000.00;;;6.92;0.83 ;1.40 ;;
17:24:21;Basket.API ;8148;6.38 ; 63.950.000.00;;;6.95;0.73 ;0.63 ;;
17:24:51;Basket.API ;8148;7.22 ; 63.590.000.03;;;7.02;1.13 ;0.73 ;;
17:25:21;Basket.API ;8148;7.22 ; 59.520.000.00;;;6.99;0.70 ;0.85 ;;
17:25:51;Basket.API ;8148;9.09 ; 64.090.000.00;;;6.65;0.87 ;1.45 ;;
17:26:21;Basket.API ;8148;6.02 ; 63.250.000.00;;;7.22;0.80 ;0.73 ;;
17:26:51;Basket.API ;8148;5.83 ; 60.540.000.00;;;7.02;1.00 ;0.45 ;;
17:27:21;Basket.API ;8148;5.26 ; 58.250.000.00;;;7.02;0.90 ;0.47 ;;
17:27:51;Basket.API ;8148;7.01 ; 64.680.000.00;;;7.32;0.80 ;0.66 ;;
17:28:21;Basket.API ;8148;7.10 ; 60.600.030.00;;;7.09;0.63 ;0.78 ;;
17:28:51;Basket.API ;8148;6.88 ; 59.390.000.03;;;7.15;0.70 ;1.13 ;;
17:29:21;Basket.API ;8148;7.04 ; 62.410.000.00;;;7.09;0.67 ;1.05 ;;
17:29:51;Basket.API ;8148;5.66 ; 61.440.000.00;;;7.09;1.23 ;0.62 ;;
17:30:21;Basket.API ;8148;6.01 ; 62.160.000.00;;;7.19;1.00 ;0.67 ;;
17:30:51;Basket.API ;8148;5.56 ; 59.870.030.00;;;6.99;1.06 ;0.58 ;;
17:31:21;Basket.API ;8148;4.64 ; 65.170.000.00;;;7.29;0.63 ;0.31 ;;
17:31:52;Basket.API ;8148;4.92 ; 61.700.000.00;;;7.32;0.83 ;0.32 ;;
17:32:22;Basket.API ;8148;6.31 ; 68.870.000.00;;;7.02;0.90 ;3.20 ;;
17:32:52;Basket.API ;8148;4.94 ; 68.610.030.00;;;7.39;0.87 ;0.30 ;;
17:33:22;Basket.API ;8148;4.20 ; 62.650.000.00;;;7.22;1.26 ;0.49 ;;
17:33:52;Basket.API ;8148;5.51 ; 63.000.000.03;;;7.12;1.20 ;0.72 ;;
17:03:49;Identity.API ;8132;8.33 ; 92.980.000.00;;;5.13;0.43 ;4.03 ;;
17:04:19;Identity.API ;8132;18.28; 93.630.000.00;;;5.39;0.40 ;39.84;;
17:04:49;Identity.API ;8132;24.08; 93.100.000.00;;;6.06;0.40 ;46.76;;
17:05:19;Identity.API ;8132;5.57 ; 75.640.000.00;;;6.06;0.40 ;0.59 ;;
17:05:49;Identity.API ;8132;3.92 ; 71.820.000.00;;;5.99;0.96 ;0.33 ;;
17:06:19;Identity.API ;8132;4.52 ; 78.380.000.00;;;6.26;0.50 ;0.63 ;;
17:06:49;Identity.API ;8132;4.53 ; 74.900.000.03;;;5.99;0.40 ;0.36 ;;
17:07:19;Identity.API ;8132;2.38 ; 77.380.000.00;;;5.06;0.70 ;0.14 ;;
17:07:49;Identity.API ;8132;3.44 ; 78.690.000.00;;;5.36;0.50 ;0.16 ;;
17:08:19;Identity.API ;8132;1.58 ; 81.730.000.00;;;4.72;0.33 ;0.10 ;;
17:08:49;Identity.API ;8132;3.19 ; 85.660.000.03;;;5.03;0.63 ;0.22 ;;
17:09:19;Identity.API ;8132;1.56 ; 76.420.000.00;;;4.46;0.70 ;0.09 ;;
17:09:49;Identity.API ;8132;2.16 ; 76.620.000.00;;;4.86;0.37 ;0.11 ;;
17:10:19;Identity.API ;8132;2.09 ; 75.020.000.00;;;4.83;0.53 ;0.10 ;;
17:10:49;Identity.API ;8132;1.98 ; 77.310.000.00;;;4.59;0.43 ;0.08 ;;
17:11:19;Identity.API ;8132;2.39 ; 76.000.000.00;;;4.99;0.43 ;0.15 ;;
17:11:49;Identity.API ;8132;1.70 ; 77.020.000.00;;;4.76;0.57 ;0.10 ;;
17:12:19;Identity.API ;8132;2.19 ; 72.050.000.00;;;4.79;0.80 ;0.10 ;;
17:12:49;Identity.API ;8132;2.40 ; 83.170.000.00;;;4.79;0.33 ;0.16 ;;
17:13:19;Identity.API ;8132;1.85 ; 82.030.000.00;;;4.69;0.73 ;0.11 ;;
17:13:50;Identity.API ;8132;2.48 ; 86.540.000.03;;;4.69;0.80 ;0.13 ;;
17:14:20;Identity.API ;8132;1.88 ; 77.340.000.00;;;4.76;0.90 ;0.12 ;;
17:14:50;Identity.API ;8132;1.58 ; 75.710.000.00;;;4.59;0.77 ;0.10 ;;
17:15:20;Identity.API ;8132;2.97 ; 85.970.000.00;;;4.82;0.43 ;0.47 ;;
17:15:50;Identity.API ;8132;1.66 ; 74.320.000.00;;;4.56;0.43 ;0.11 ;;
17:16:20;Identity.API ;8132;2.75 ; 79.290.030.00;;;4.86;0.37 ;0.16 ;;
17:16:50;Identity.API ;8132;1.46 ; 80.050.000.00;;;4.66;0.50 ;0.08 ;;
17:17:20;Identity.API ;8132;1.66 ; 75.240.000.00;;;4.49;0.43 ;0.09 ;;
17:17:50;Identity.API ;8132;1.49 ; 79.300.000.00;;;4.69;0.47 ;0.09 ;;
17:18:20;Identity.API ;8132;1.65 ; 75.570.000.00;;;4.53;0.43 ;0.11 ;;
17:18:50;Identity.API ;8132;1.77 ; 79.700.000.00;;;4.79;0.80 ;0.11 ;;
17:19:20;Identity.API ;8132;1.51 ; 82.580.000.00;;;4.69;0.43 ;0.08 ;;
17:19:50;Identity.API ;8132;1.49 ; 73.920.000.00;;;4.72;0.47 ;0.10 ;;
17:20:20;Identity.API ;8132;2.28 ; 81.330.030.00;;;4.69;0.43 ;0.15 ;;
17:20:50;Identity.API ;8132;1.29 ; 80.710.000.00;;;4.49;0.50 ;0.09 ;;
17:21:20;Identity.API ;8132;1.32 ; 78.910.000.00;;;4.59;0.50 ;0.07 ;;
17:21:50;Identity.API ;8132;1.54 ; 80.060.000.03;;;4.56;0.67 ;0.09 ;;
17:22:20;Identity.API ;8132;1.73 ; 71.370.000.00;;;4.66;0.50 ;0.11 ;;
17:22:51;Identity.API ;8132;1.66 ; 83.090.000.00;;;4.93;0.57 ;0.11 ;;
17:23:21;Identity.API ;8132;1.39 ; 81.990.000.00;;;4.63;0.47 ;0.09 ;;
17:23:51;Identity.API ;8132;1.61 ; 81.530.000.00;;;4.62;0.47 ;0.10 ;;
17:24:21;Identity.API ;8132;1.65 ; 76.700.000.00;;;4.72;0.40 ;0.07 ;;
17:24:51;Identity.API ;8132;1.54 ; 81.720.000.00;;;4.66;0.93 ;0.07 ;;
17:25:21;Identity.API ;8132;1.33 ; 76.720.000.00;;;4.56;0.50 ;0.07 ;;
17:25:51;Identity.API ;8132;1.80 ; 76.640.000.00;;;4.66;0.53 ;0.12 ;;
17:26:21;Identity.API ;8132;2.88 ; 83.520.000.00;;;4.69;0.63 ;0.43 ;;
17:26:51;Identity.API ;8132;1.32 ; 81.440.000.00;;;4.49;0.50 ;0.07 ;;
17:27:21;Identity.API ;8132;1.77 ; 77.520.000.00;;;4.76;0.67 ;0.11 ;;
17:27:51;Identity.API ;8132;1.84 ; 79.600.000.00;;;4.89;0.67 ;0.11 ;;
17:28:21;Identity.API ;8132;1.24 ; 81.120.000.00;;;4.33;0.53 ;0.08 ;;
17:28:51;Identity.API ;8132;1.42 ; 76.250.000.00;;;4.66;0.53 ;0.13 ;;
17:29:21;Identity.API ;8132;1.59 ; 78.000.000.00;;;4.66;0.73 ;0.09 ;;
17:29:51;Identity.API ;8132;1.54 ; 76.410.000.00;;;4.46;0.43 ;0.08 ;;
17:30:21;Identity.API ;8132;2.01 ; 79.860.000.00;;;5.09;0.73 ;0.12 ;;
17:30:51;Identity.API ;8132;1.45 ; 79.560.000.00;;;4.49;0.53 ;0.08 ;;
17:31:21;Identity.API ;8132;1.41 ; 75.620.000.00;;;4.46;0.73 ;0.09 ;;
17:31:52;Identity.API ;8132;1.53 ; 83.910.000.00;;;4.62;0.53 ;0.06 ;;
17:32:22;Identity.API ;8132;3.18 ; 89.090.000.00;;;4.53;0.37 ;3.20 ;;
17:32:52;Identity.API ;8132;2.06 ; 77.660.000.00;;;4.96;1.23 ;0.08 ;;
17:33:22;Identity.API ;8132;1.57 ; 84.200.000.00;;;4.76;0.77 ;0.07 ;;
17:33:52;Identity.API ;8132;1.89 ; 82.810.030.00;;;4.69;0.70 ;0.14 ;;
17:03:49;Ordering.API ;8152;9.40 ; 91.220.000.00;;;5.23;0.67 ;3.82 ;;
17:04:19;Ordering.API ;8152;2.76 ; 74.250.000.00;;;5.19;0.57 ;0.24 ;;
17:04:49;Ordering.API ;8152;3.31 ; 76.970.000.00;;;5.03;0.30 ;0.33 ;;
17:05:19;Ordering.API ;8152;2.61 ; 77.470.000.00;;;4.89;0.60 ;0.34 ;;
17:05:49;Ordering.API ;8152;3.21 ; 80.610.000.00;;;5.02;0.47 ;0.28 ;;
17:06:19;Ordering.API ;8152;3.57 ; 79.950.000.03;;;4.99;0.30 ;0.44 ;;
17:06:49;Ordering.API ;8152;3.00 ; 81.800.000.00;;;4.73;0.43 ;0.32 ;;
17:07:19;Ordering.API ;8152;3.00 ; 81.910.000.00;;;4.82;0.40 ;0.18 ;;
17:07:49;Ordering.API ;8152;3.54 ; 80.260.000.00;;;5.29;0.63 ;0.26 ;;
17:08:19;Ordering.API ;8152;2.31 ; 82.530.000.00;;;4.66;0.50 ;0.14 ;;
17:08:49;Ordering.API ;8152;1.99 ; 78.200.000.00;;;4.46;0.37 ;0.15 ;;
17:09:19;Ordering.API ;8152;3.01 ; 83.950.000.00;;;4.79;0.47 ;0.31 ;;
17:09:49;Ordering.API ;8152;1.75 ; 70.580.000.00;;;4.49;0.63 ;0.10 ;;
17:10:19;Ordering.API ;8152;2.10 ; 73.170.000.00;;;4.73;0.67 ;0.16 ;;
17:10:49;Ordering.API ;8152;2.40 ; 80.250.000.00;;;4.43;0.67 ;0.27 ;;
17:11:19;Ordering.API ;8152;2.30 ; 80.490.000.00;;;4.53;0.13 ;0.18 ;;
17:11:49;Ordering.API ;8152;1.80 ; 77.990.000.00;;;4.79;0.73 ;0.09 ;;
17:12:19;Ordering.API ;8152;2.22 ; 69.250.000.00;;;4.69;0.53 ;0.12 ;;
17:12:49;Ordering.API ;8152;2.36 ; 83.010.000.00;;;4.76;0.57 ;0.20 ;;
17:13:19;Ordering.API ;8152;1.61 ; 75.480.000.00;;;4.66;0.40 ;0.13 ;;
17:13:50;Ordering.API ;8152;2.28 ; 82.550.000.00;;;4.53;0.33 ;0.16 ;;
17:14:20;Ordering.API ;8152;3.08 ; 83.120.000.00;;;4.62;0.37 ;0.25 ;;
17:14:50;Ordering.API ;8152;2.35 ; 79.480.000.00;;;4.56;0.57 ;0.33 ;;
17:15:20;Ordering.API ;8152;3.05 ; 85.300.000.00;;;4.33;0.80 ;0.41 ;;
17:15:50;Ordering.API ;8152;1.61 ; 72.330.000.00;;;4.42;0.33 ;0.15 ;;
17:16:20;Ordering.API ;8152;1.76 ; 70.450.000.03;;;4.52;0.47 ;0.11 ;;
17:16:50;Ordering.API ;8152;1.90 ; 69.630.000.00;;;4.53;0.40 ;0.16 ;;
17:17:20;Ordering.API ;8152;1.75 ; 60.390.000.00;;;4.26;0.30 ;0.10 ;;
17:17:50;Ordering.API ;8152;1.94 ; 66.030.000.00;;;4.62;0.47 ;0.18 ;;
17:18:20;Ordering.API ;8152;2.67 ; 81.760.000.00;;;4.43;0.50 ;0.29 ;;
17:18:50;Ordering.API ;8152;1.80 ; 72.090.000.00;;;4.39;0.50 ;0.10 ;;
17:19:20;Ordering.API ;8152;1.55 ; 75.950.000.00;;;4.59;0.40 ;0.13 ;;
17:19:50;Ordering.API ;8152;1.81 ; 71.160.000.00;;;4.36;0.27 ;0.12 ;;
17:20:20;Ordering.API ;8152;1.77 ; 73.850.000.03;;;4.42;0.40 ;0.09 ;;
17:20:50;Ordering.API ;8152;1.72 ; 72.030.000.03;;;4.39;0.30 ;0.12 ;;
17:21:20;Ordering.API ;8152;1.66 ; 71.570.030.00;;;4.36;0.47 ;0.13 ;;
17:21:50;Ordering.API ;8152;1.81 ; 76.270.000.00;;;4.53;0.37 ;0.11 ;;
17:22:20;Ordering.API ;8152;1.86 ; 70.360.030.00;;;4.62;0.27 ;0.14 ;;
17:22:51;Ordering.API ;8152;1.60 ; 77.200.000.00;;;4.39;0.23 ;0.09 ;;
17:23:21;Ordering.API ;8152;1.58 ; 69.050.000.03;;;4.29;0.57 ;0.11 ;;
17:23:51;Ordering.API ;8152;1.76 ; 77.490.000.00;;;4.49;0.57 ;0.13 ;;
17:24:21;Ordering.API ;8152;1.92 ; 64.490.000.03;;;4.62;0.57 ;0.12 ;;
17:24:51;Ordering.API ;8152;1.72 ; 71.140.000.00;;;4.29;0.50 ;0.09 ;;
17:25:21;Ordering.API ;8152;2.01 ; 73.480.000.00;;;4.36;0.43 ;0.11 ;;
17:25:51;Ordering.API ;8152;2.28 ; 77.240.000.00;;;4.39;0.57 ;0.27 ;;
17:26:21;Ordering.API ;8152;3.77 ; 83.100.000.00;;;4.59;0.73 ;0.55 ;;
17:26:51;Ordering.API ;8152;1.54 ; 74.540.000.00;;;4.26;0.80 ;0.09 ;;
17:27:21;Ordering.API ;8152;1.88 ; 74.550.000.00;;;4.59;0.43 ;0.11 ;;
17:27:51;Ordering.API ;8152;1.57 ; 67.020.000.00;;;4.19;0.83 ;0.08 ;;
17:28:21;Ordering.API ;8152;1.88 ; 72.090.000.00;;;4.52;0.67 ;0.12 ;;
17:28:51;Ordering.API ;8152;1.50 ; 79.780.000.00;;;4.36;0.33 ;0.08 ;;
17:29:21;Ordering.API ;8152;1.71 ; 71.550.000.00;;;4.29;0.53 ;0.11 ;;
17:29:51;Ordering.API ;8152;2.05 ; 75.010.000.00;;;4.62;0.67 ;0.12 ;;
17:30:21;Ordering.API ;8152;2.06 ; 74.530.000.00;;;4.46;0.43 ;0.24 ;;
17:30:51;Ordering.API ;8152;1.97 ; 72.860.000.00;;;4.59;0.20 ;0.14 ;;
17:31:21;Ordering.API ;8152;1.52 ; 72.010.000.00;;;4.23;0.37 ;0.10 ;;
17:31:52;Ordering.API ;8152;2.02 ; 75.810.000.00;;;4.56;0.70 ;0.10 ;;
17:32:22;Ordering.API ;8152;33.81; 96.190.000.00;;;4.82;0.67 ;88.23;;
17:32:52;Ordering.API ;8152;2.92 ; 81.190.000.00;;;4.86;0.97 ;0.17 ;;
17:33:22;Ordering.API ;8152;18.58; 95.000.000.00;;;4.79;0.40 ;47.50;;
17:33:52;Ordering.API ;8152;19.75; 92.200.000.00;;;4.73;0.63 ;30.06;;
17:03:49;Webhooks.API ;8158;9.13 ; 91.130.000.00;;;5.20;0.40 ;3.12 ;;
17:04:19;Webhooks.API ;8158;3.13 ; 73.230.000.00;;;5.03;0.40 ;0.41 ;;
17:04:49;Webhooks.API ;8158;4.47 ; 84.400.000.03;;;5.29;0.47 ;0.88 ;;
17:05:19;Webhooks.API ;8158;2.76 ; 85.300.000.00;;;4.86;0.50 ;0.33 ;;
17:05:49;Webhooks.API ;8158;3.15 ; 75.140.000.00;;;5.16;0.40 ;0.60 ;;
17:06:19;Webhooks.API ;8158;1.95 ; 73.660.000.00;;;4.66;0.37 ;0.13 ;;
17:06:49;Webhooks.API ;8158;2.67 ; 82.910.000.00;;;4.79;0.40 ;0.19 ;;
17:07:19;Webhooks.API ;8158;2.82 ; 80.630.000.03;;;4.76;0.60 ;0.19 ;;
17:07:49;Webhooks.API ;8158;4.04 ; 78.300.000.00;;;5.19;0.50 ;0.29 ;;
17:08:19;Webhooks.API ;8158;2.26 ; 82.800.000.00;;;4.72;0.40 ;0.13 ;;
17:08:49;Webhooks.API ;8158;2.52 ; 79.920.000.00;;;4.66;0.53 ;0.12 ;;
17:09:19;Webhooks.API ;8158;2.72 ; 85.590.000.00;;;4.82;0.43 ;0.24 ;;
17:09:49;Webhooks.API ;8158;1.70 ; 75.900.000.00;;;4.73;0.50 ;0.11 ;;
17:10:19;Webhooks.API ;8158;2.44 ; 82.370.000.00;;;4.49;0.47 ;0.28 ;;
17:10:49;Webhooks.API ;8158;1.66 ; 79.760.000.00;;;4.56;0.70 ;0.08 ;;
17:11:19;Webhooks.API ;8158;1.69 ; 76.270.000.00;;;4.53;0.43 ;0.09 ;;
17:11:49;Webhooks.API ;8158;2.03 ; 78.160.000.00;;;4.69;0.30 ;0.13 ;;
17:12:19;Webhooks.API ;8158;2.59 ; 79.410.000.00;;;4.79;0.63 ;0.19 ;;
17:12:49;Webhooks.API ;8158;2.13 ; 81.720.000.03;;;4.63;0.47 ;0.17 ;;
17:13:19;Webhooks.API ;8158;2.08 ; 76.280.000.00;;;4.86;0.77 ;0.11 ;;
17:13:50;Webhooks.API ;8158;1.98 ; 75.900.000.00;;;4.79;0.33 ;0.11 ;;
17:14:20;Webhooks.API ;8158;1.45 ; 75.740.000.00;;;4.29;0.60 ;0.08 ;;
17:14:50;Webhooks.API ;8158;3.58 ; 84.740.000.00;;;4.56;0.40 ;0.39 ;;
17:15:20;Webhooks.API ;8158;3.55 ; 84.050.000.00;;;4.79;0.53 ;0.53 ;;
17:15:50;Webhooks.API ;8158;1.87 ; 73.270.000.03;;;4.59;0.50 ;0.15 ;;
17:16:20;Webhooks.API ;8158;1.77 ; 71.970.000.00;;;4.59;0.40 ;0.10 ;;
17:16:50;Webhooks.API ;8158;1.62 ; 76.720.000.00;;;4.63;0.47 ;0.13 ;;
17:17:20;Webhooks.API ;8158;1.80 ; 77.840.000.00;;;4.62;0.47 ;0.09 ;;
17:17:50;Webhooks.API ;8158;2.58 ; 77.870.000.00;;;4.76;0.37 ;0.38 ;;
17:18:20;Webhooks.API ;8158;1.47 ; 74.360.000.00;;;4.49;0.67 ;0.09 ;;
17:18:50;Webhooks.API ;8158;2.06 ; 69.320.000.00;;;4.76;0.67 ;0.11 ;;
17:19:20;Webhooks.API ;8158;1.88 ; 71.120.000.00;;;4.76;0.77 ;0.15 ;;
17:19:50;Webhooks.API ;8158;1.85 ; 73.060.000.00;;;4.63;0.43 ;0.11 ;;
17:20:20;Webhooks.API ;8158;1.81 ; 73.600.000.00;;;4.72;0.43 ;0.13 ;;
17:20:50;Webhooks.API ;8158;2.35 ; 62.750.000.03;;;4.66;0.53 ;0.14 ;;
17:21:20;Webhooks.API ;8158;1.37 ; 77.580.000.00;;;4.49;0.43 ;0.10 ;;
17:21:50;Webhooks.API ;8158;1.46 ; 72.730.000.00;;;4.49;0.57 ;0.09 ;;
17:22:20;Webhooks.API ;8158;1.75 ; 72.580.000.00;;;4.56;0.37 ;0.13 ;;
17:22:51;Webhooks.API ;8158;1.74 ; 66.940.000.00;;;4.49;0.43 ;0.11 ;;
17:23:21;Webhooks.API ;8158;2.25 ; 80.780.000.00;;;4.53;0.47 ;0.15 ;;
17:23:51;Webhooks.API ;8158;1.87 ; 72.980.000.00;;;4.52;0.50 ;0.09 ;;
17:24:21;Webhooks.API ;8158;1.78 ; 76.280.000.00;;;4.56;0.53 ;0.08 ;;
17:24:51;Webhooks.API ;8158;1.87 ; 72.930.000.00;;;4.76;0.43 ;0.12 ;;
17:25:21;Webhooks.API ;8158;1.81 ; 75.360.000.00;;;4.56;0.73 ;0.11 ;;
17:25:51;Webhooks.API ;8158;1.56 ; 73.620.000.03;;;4.63;0.37 ;0.11 ;;
17:26:21;Webhooks.API ;8158;2.81 ; 84.080.000.00;;;4.49;0.60 ;0.43 ;;
17:26:51;Webhooks.API ;8158;2.06 ; 77.220.000.00;;;4.79;0.73 ;0.11 ;;
17:27:21;Webhooks.API ;8158;2.58 ; 77.220.000.00;;;4.62;0.53 ;0.22 ;;
17:27:51;Webhooks.API ;8158;1.94 ; 70.630.000.03;;;4.59;0.73 ;0.11 ;;
17:28:21;Webhooks.API ;8158;1.94 ; 71.840.000.00;;;4.72;0.33 ;0.11 ;;
17:28:51;Webhooks.API ;8158;1.67 ; 75.600.000.00;;;4.62;0.37 ;0.11 ;;
17:29:21;Webhooks.API ;8158;1.90 ; 67.590.000.00;;;4.59;0.63 ;0.12 ;;
17:29:51;Webhooks.API ;8158;1.75 ; 74.310.000.00;;;4.72;0.63 ;0.11 ;;
17:30:21;Webhooks.API ;8158;1.79 ; 71.250.000.00;;;4.59;0.63 ;0.10 ;;
17:30:51;Webhooks.API ;8158;1.76 ; 72.480.000.00;;;4.56;0.43 ;0.11 ;;
17:31:21;Webhooks.API ;8158;1.77 ; 75.950.000.00;;;4.66;0.50 ;0.12 ;;
17:31:52;Webhooks.API ;8158;1.55 ; 72.150.000.00;;;4.43;0.67 ;0.10 ;;
17:32:22;Webhooks.API ;8158;1.60 ; 78.500.000.00;;;4.56;0.40 ;0.13 ;;
17:32:52;Webhooks.API ;8158;1.71 ; 80.020.000.00;;;4.59;0.93 ;0.09 ;;
17:33:22;Webhooks.API ;8158;1.79 ; 82.940.030.00;;;4.56;0.63 ;0.20 ;;
17:33:52;Webhooks.API ;8158;12.41; 92.650.000.00;;;4.99;0.57 ;28.08;;
17:03:49;PaymentProcessor;8156;10.27; 92.270.030.00;;;5.06;0.47 ;3.07 ;;
17:04:19;PaymentProcessor;8156;3.24 ; 80.510.000.00;;;4.76;0.57 ;0.28 ;;
17:04:49;PaymentProcessor;8156;3.50 ; 83.430.000.00;;;4.89;0.60 ;0.46 ;;
17:05:19;PaymentProcessor;8156;3.09 ; 79.060.000.00;;;4.96;0.33 ;0.28 ;;
17:05:49;PaymentProcessor;8156;2.89 ; 81.740.000.00;;;4.72;0.63 ;0.19 ;;
17:06:19;PaymentProcessor;8156;3.47 ; 79.080.000.00;;;4.76;0.43 ;0.42 ;;
17:06:49;PaymentProcessor;8156;2.96 ; 83.280.000.00;;;4.46;0.43 ;0.16 ;;
17:07:19;PaymentProcessor;8156;2.51 ; 80.040.000.00;;;4.76;0.60 ;0.14 ;;
17:07:49;PaymentProcessor;8156;3.93 ; 80.690.000.00;;;4.99;0.57 ;0.29 ;;
17:08:19;PaymentProcessor;8156;2.75 ; 79.730.000.00;;;4.72;0.57 ;0.17 ;;
17:08:49;PaymentProcessor;8156;2.00 ; 80.360.000.00;;;4.53;0.60 ;0.14 ;;
17:09:19;PaymentProcessor;8156;3.07 ; 80.040.000.00;;;4.82;0.30 ;0.21 ;;
17:09:49;PaymentProcessor;8156;1.40 ; 74.190.000.00;;;4.36;0.40 ;0.07 ;;
17:10:19;PaymentProcessor;8156;3.10 ; 81.200.000.00;;;4.83;0.47 ;0.35 ;;
17:10:49;PaymentProcessor;8156;2.11 ; 75.810.000.00;;;4.79;0.50 ;0.10 ;;
17:11:19;PaymentProcessor;8156;1.79 ; 70.020.000.00;;;4.66;0.67 ;0.11 ;;
17:11:49;PaymentProcessor;8156;1.77 ; 73.340.000.00;;;4.46;0.53 ;0.08 ;;
17:12:19;PaymentProcessor;8156;2.33 ; 75.410.000.00;;;4.82;0.87 ;0.13 ;;
17:12:49;PaymentProcessor;8156;2.00 ; 78.430.000.00;;;4.66;0.30 ;0.19 ;;
17:13:19;PaymentProcessor;8156;2.42 ; 77.560.030.00;;;4.69;0.57 ;0.18 ;;
17:13:50;PaymentProcessor;8156;1.99 ; 78.520.000.00;;;4.63;0.43 ;0.11 ;;
17:14:20;PaymentProcessor;8156;1.97 ; 81.480.000.00;;;4.59;0.80 ;0.10 ;;
17:14:50;PaymentProcessor;8156;3.41 ; 85.730.000.00;;;4.66;0.50 ;0.29 ;;
17:15:20;PaymentProcessor;8156;3.55 ; 82.460.000.00;;;4.92;0.80 ;0.30 ;;
17:15:50;PaymentProcessor;8156;2.12 ; 77.230.000.00;;;4.79;0.37 ;0.17 ;;
17:16:20;PaymentProcessor;8156;1.62 ; 75.920.000.00;;;4.49;0.60 ;0.10 ;;
17:16:50;PaymentProcessor;8156;1.87 ; 71.480.000.00;;;4.79;0.50 ;0.14 ;;
17:17:20;PaymentProcessor;8156;1.84 ; 70.480.000.00;;;4.69;0.40 ;0.10 ;;
17:17:50;PaymentProcessor;8156;1.98 ; 79.470.000.00;;;4.52;0.47 ;0.45 ;;
17:18:20;PaymentProcessor;8156;1.80 ; 77.390.000.00;;;4.49;0.43 ;0.11 ;;
17:18:50;PaymentProcessor;8156;1.79 ; 77.350.000.00;;;4.72;0.50 ;0.13 ;;
17:19:20;PaymentProcessor;8156;1.55 ; 70.100.000.00;;;4.53;0.23 ;0.11 ;;
17:19:50;PaymentProcessor;8156;1.71 ; 75.980.000.00;;;4.56;0.60 ;0.14 ;;
17:20:20;PaymentProcessor;8156;1.74 ; 70.240.000.00;;;4.56;0.40 ;0.09 ;;
17:20:50;PaymentProcessor;8156;1.80 ; 73.700.000.00;;;4.56;0.47 ;0.11 ;;
17:21:20;PaymentProcessor;8156;1.99 ; 72.210.000.00;;;4.79;0.37 ;0.13 ;;
17:21:50;PaymentProcessor;8156;1.59 ; 79.230.000.00;;;4.56;0.30 ;0.09 ;;
17:22:20;PaymentProcessor;8156;1.67 ; 67.990.000.00;;;4.49;0.50 ;0.14 ;;
17:22:51;PaymentProcessor;8156;2.38 ; 77.700.000.00;;;4.56;0.53 ;0.26 ;;
17:23:21;PaymentProcessor;8156;1.93 ; 71.150.000.00;;;4.89;0.33 ;0.13 ;;
17:23:51;PaymentProcessor;8156;1.73 ; 76.690.000.00;;;4.56;0.47 ;0.11 ;;
17:24:21;PaymentProcessor;8156;1.78 ; 66.480.030.00;;;4.52;0.37 ;0.12 ;;
17:24:51;PaymentProcessor;8156;2.17 ; 67.490.000.00;;;4.39;0.73 ;0.10 ;;
17:25:21;PaymentProcessor;8156;3.57 ; 74.740.030.00;;;4.66;0.63 ;0.46 ;;
17:25:51;PaymentProcessor;8156;1.74 ; 70.760.000.00;;;4.43;0.43 ;0.11 ;;
17:26:21;PaymentProcessor;8156;1.75 ; 72.980.000.03;;;4.53;0.57 ;0.11 ;;
17:26:51;PaymentProcessor;8156;2.07 ; 70.210.000.03;;;4.62;0.57 ;0.12 ;;
17:27:21;PaymentProcessor;8156;1.88 ; 82.850.000.00;;;4.56;0.60 ;0.11 ;;
17:27:51;PaymentProcessor;8156;1.49 ; 74.670.000.00;;;4.46;0.67 ;0.10 ;;
17:28:21;PaymentProcessor;8156;2.39 ; 82.320.000.00;;;4.66;0.47 ;0.19 ;;
17:28:51;PaymentProcessor;8156;1.97 ; 75.390.000.00;;;4.66;0.40 ;0.12 ;;
17:29:21;PaymentProcessor;8156;1.98 ; 70.540.000.00;;;4.63;0.43 ;0.10 ;;
17:29:51;PaymentProcessor;8156;1.45 ; 77.860.000.00;;;4.49;0.77 ;0.08 ;;
17:30:21;PaymentProcessor;8156;2.29 ; 77.200.000.00;;;4.69;0.67 ;0.11 ;;
17:30:51;PaymentProcessor;8156;2.01 ; 77.770.000.00;;;4.73;0.50 ;0.13 ;;
17:31:21;PaymentProcessor;8156;1.94 ; 71.990.000.00;;;4.73;0.57 ;0.11 ;;
17:31:52;PaymentProcessor;8156;1.99 ; 66.210.000.00;;;4.59;0.40 ;0.09 ;;
17:32:22;PaymentProcessor;8156;1.66 ; 78.720.000.00;;;4.76;0.33 ;0.11 ;;
17:32:52;PaymentProcessor;8156;1.60 ; 79.370.000.00;;;4.59;0.77 ;0.08 ;;
17:33:22;PaymentProcessor;8156;1.93 ; 74.050.000.00;;;4.69;0.80 ;0.13 ;;
17:33:52;PaymentProcessor;8156;4.33 ; 89.780.000.00;;;4.63;0.40 ;3.83 ;;
17:03:49;WebhookClient;8166;8.60 ; 85.360.000.03;;;6.93;0.47 ;2.50 ;;
17:04:19;WebhookClient;8166;6.04 ; 80.940.000.00;;;6.76;0.73 ;3.62 ;;
17:04:49;WebhookClient;8166;5.01 ; 76.300.000.00;;;6.79;0.67 ;0.62 ;;
17:05:19;WebhookClient;8166;3.99 ; 80.180.000.00;;;6.96;0.57 ;0.44 ;;
17:05:49;WebhookClient;8166;2.91 ; 68.030.000.00;;;6.79;0.53 ;0.23 ;;
17:06:19;WebhookClient;8166;3.24 ; 76.200.000.00;;;6.82;0.57 ;0.29 ;;
17:06:49;WebhookClient;8166;3.89 ; 73.110.000.00;;;6.62;0.80 ;0.33 ;;
17:07:19;WebhookClient;8166;2.79 ; 76.920.030.00;;;6.65;0.80 ;0.18 ;;
17:07:49;WebhookClient;8166;4.74 ; 75.390.000.00;;;7.02;0.77 ;0.46 ;;
17:08:19;WebhookClient;8166;2.91 ; 62.270.000.00;;;6.72;0.87 ;0.19 ;;
17:08:49;WebhookClient;8166;3.20 ; 70.480.000.00;;;6.69;0.83 ;0.22 ;;
17:09:19;WebhookClient;8166;4.30 ; 70.990.000.00;;;6.82;0.80 ;0.37 ;;
17:09:49;WebhookClient;8166;2.55 ; 66.910.000.00;;;6.62;0.57 ;0.17 ;;
17:10:19;WebhookClient;8166;2.58 ; 68.470.000.00;;;6.66;0.60 ;0.21 ;;
17:10:49;WebhookClient;8166;2.52 ; 67.020.000.00;;;6.49;0.90 ;0.12 ;;
17:11:19;WebhookClient;8166;2.72 ; 68.320.000.03;;;6.75;0.73 ;0.20 ;;
17:11:49;WebhookClient;8166;2.88 ; 65.370.000.00;;;6.56;0.87 ;0.21 ;;
17:12:19;WebhookClient;8166;3.01 ; 61.120.000.00;;;6.55;0.83 ;0.20 ;;
17:12:49;WebhookClient;8166;3.43 ; 77.340.000.00;;;6.85;0.63 ;0.39 ;;
17:13:19;WebhookClient;8166;3.23 ; 71.170.000.00;;;6.79;0.87 ;0.23 ;;
17:13:50;WebhookClient;8166;2.80 ; 64.940.000.00;;;6.72;0.57 ;0.22 ;;
17:14:20;WebhookClient;8166;2.61 ; 68.060.000.00;;;6.55;0.93 ;0.15 ;;
17:14:50;WebhookClient;8166;2.67 ; 64.180.000.00;;;6.45;0.60 ;0.22 ;;
17:15:20;WebhookClient;8166;4.45 ; 76.590.000.03;;;6.39;0.53 ;0.60 ;;
17:15:50;WebhookClient;8166;4.48 ; 79.540.030.07;;;6.55;0.67 ;0.73 ;;
17:16:20;WebhookClient;8166;2.60 ; 65.780.030.00;;;6.29;0.47 ;0.19 ;;
17:16:50;WebhookClient;8166;2.82 ; 63.600.000.07;;;6.36;0.53 ;0.22 ;;
17:17:20;WebhookClient;8166;2.78 ; 69.190.000.07;;;6.45;0.80 ;0.22 ;;
17:17:50;WebhookClient;8166;2.62 ; 58.650.000.00;;;6.35;0.73 ;0.30 ;;
17:18:20;WebhookClient;8166;2.78 ; 64.380.000.00;;;6.52;0.50 ;0.21 ;;
17:18:50;WebhookClient;8166;2.67 ; 61.400.000.00;;;6.36;0.90 ;0.21 ;;
17:19:20;WebhookClient;8166;2.56 ; 65.760.000.00;;;6.42;0.53 ;0.26 ;;
17:19:50;WebhookClient;8166;2.63 ; 63.120.000.00;;;6.29;0.57 ;0.21 ;;
17:20:20;WebhookClient;8166;2.48 ; 71.050.000.00;;;6.45;0.53 ;0.18 ;;
17:20:50;WebhookClient;8166;2.34 ; 69.420.000.00;;;6.29;0.77 ;0.16 ;;
17:21:20;WebhookClient;8166;3.01 ; 66.800.000.00;;;6.59;0.83 ;0.22 ;;
17:21:50;WebhookClient;8166;2.45 ; 69.100.000.00;;;6.36;0.67 ;0.17 ;;
17:22:20;WebhookClient;8166;2.52 ; 64.800.000.00;;;6.25;0.53 ;0.21 ;;
17:22:51;WebhookClient;8166;2.90 ; 67.540.000.00;;;6.59;0.77 ;0.20 ;;
17:23:21;WebhookClient;8166;2.56 ; 61.210.000.00;;;6.36;0.47 ;0.24 ;;
17:23:51;WebhookClient;8166;3.41 ; 59.600.000.00;;;6.45;0.50 ;0.24 ;;
17:24:21;WebhookClient;8166;2.76 ; 62.700.000.00;;;6.39;1.10 ;0.18 ;;
17:24:51;WebhookClient;8166;2.45 ; 71.470.000.00;;;6.26;0.83 ;0.14 ;;
17:25:21;WebhookClient;8166;2.64 ; 62.220.000.00;;;6.29;0.70 ;0.18 ;;
17:25:51;WebhookClient;8166;2.51 ; 66.480.000.00;;;6.39;0.63 ;0.22 ;;
17:26:21;WebhookClient;8166;2.83 ; 64.950.000.00;;;6.52;0.60 ;0.21 ;;
17:26:51;WebhookClient;8166;2.78 ; 67.710.000.00;;;6.45;0.63 ;0.18 ;;
17:27:21;WebhookClient;8166;2.85 ; 65.950.000.00;;;6.49;0.60 ;0.27 ;;
17:27:51;WebhookClient;8166;2.53 ; 67.360.000.00;;;6.39;1.00 ;0.14 ;;
17:28:21;WebhookClient;8166;2.82 ; 65.400.000.00;;;6.45;0.70 ;0.20 ;;
17:28:51;WebhookClient;8166;2.54 ; 68.230.000.00;;;6.49;0.47 ;0.20 ;;
17:29:21;WebhookClient;8166;2.64 ; 64.830.000.00;;;6.36;0.70 ;0.19 ;;
17:29:51;WebhookClient;8166;3.40 ; 63.640.000.00;;;6.69;0.93 ;0.26 ;;
17:30:21;WebhookClient;8166;2.60 ; 67.290.000.00;;;6.39;0.73 ;0.17 ;;
17:30:51;WebhookClient;8166;2.90 ; 63.590.000.00;;;6.56;1.00 ;0.26 ;;
17:31:21;WebhookClient;8166;2.89 ; 66.450.000.00;;;6.42;0.90 ;0.18 ;;
17:31:52;WebhookClient;8166;2.37 ; 73.550.000.00;;;6.32;0.70 ;0.16 ;;
17:32:22;WebhookClient;8166;2.49 ; 70.650.000.00;;;6.39;0.80 ;0.18 ;;
17:32:52;WebhookClient;8166;2.57 ; 68.160.000.00;;;6.36;0.90 ;0.16 ;;
17:33:22;WebhookClient;8166;2.66 ; 66.780.000.00;;;6.39;0.93 ;0.20 ;;
17:33:52;WebhookClient;8166;2.72 ; 69.580.000.00;;;6.56;1.03 ;0.24 ;;
17:03:49;Mobile.Bff.Shop;8160;8.06 ; 92.670.000.00;;;4.70;0.27 ;2.28 ;;
17:04:19;Mobile.Bff.Shop;8160;6.72 ; 90.440.000.00;;;4.73;0.53 ;2.15 ;;
17:04:49;Mobile.Bff.Shop;8160;4.43 ; 86.970.000.00;;;4.69;0.50 ;0.49 ;;
17:05:19;Mobile.Bff.Shop;8160;3.16 ; 86.150.000.00;;;4.73;0.37 ;0.35 ;;
17:05:49;Mobile.Bff.Shop;8160;2.46 ; 78.050.000.00;;;4.53;0.47 ;0.13 ;;
17:06:19;Mobile.Bff.Shop;8160;2.34 ; 75.940.000.00;;;4.66;0.47 ;0.27 ;;
17:06:49;Mobile.Bff.Shop;8160;2.44 ; 85.580.000.00;;;4.49;0.47 ;0.42 ;;
17:07:19;Mobile.Bff.Shop;8160;1.67 ; 75.440.000.00;;;4.43;0.47 ;0.16 ;;
17:07:49;Mobile.Bff.Shop;8160;3.17 ; 85.290.000.00;;;4.59;0.73 ;0.32 ;;
17:08:19;Mobile.Bff.Shop;8160;1.59 ; 77.680.000.00;;;4.53;0.40 ;0.08 ;;
17:08:49;Mobile.Bff.Shop;8160;2.97 ; 86.360.000.00;;;4.53;0.47 ;0.27 ;;
17:09:19;Mobile.Bff.Shop;8160;1.79 ; 77.590.000.03;;;4.53;0.27 ;0.18 ;;
17:09:49;Mobile.Bff.Shop;8160;1.65 ; 75.890.000.03;;;4.56;0.43 ;0.12 ;;
17:10:19;Mobile.Bff.Shop;8160;1.40 ; 81.830.000.10;;;4.43;0.27 ;0.10 ;;
17:10:49;Mobile.Bff.Shop;8160;1.64 ; 76.570.000.03;;;4.59;0.96 ;0.09 ;;
17:11:19;Mobile.Bff.Shop;8160;1.26 ; 83.110.000.00;;;4.36;0.50 ;0.07 ;;
17:11:49;Mobile.Bff.Shop;8160;1.91 ; 80.280.000.00;;;4.56;0.53 ;0.13 ;;
17:12:19;Mobile.Bff.Shop;8160;1.93 ; 79.850.000.00;;;4.79;0.37 ;0.12 ;;
17:12:49;Mobile.Bff.Shop;8160;2.28 ; 85.560.000.00;;;4.43;0.43 ;0.29 ;;
17:13:19;Mobile.Bff.Shop;8160;2.06 ; 79.580.000.00;;;4.49;0.70 ;0.15 ;;
17:13:50;Mobile.Bff.Shop;8160;1.46 ; 83.090.000.00;;;4.56;0.50 ;0.10 ;;
17:14:20;Mobile.Bff.Shop;8160;3.08 ; 74.930.000.00;;;4.82;0.43 ;0.19 ;;
17:14:50;Mobile.Bff.Shop;8160;3.03 ; 89.950.000.00;;;4.52;0.53 ;0.57 ;;
17:15:20;Mobile.Bff.Shop;8160;1.90 ; 77.200.000.00;;;4.36;0.40 ;0.14 ;;
17:15:50;Mobile.Bff.Shop;8160;1.31 ; 78.700.000.00;;;4.42;0.40 ;0.12 ;;
17:16:20;Mobile.Bff.Shop;8160;1.84 ; 75.130.000.00;;;4.66;0.33 ;0.13 ;;
17:16:50;Mobile.Bff.Shop;8160;2.88 ; 84.180.000.00;;;4.46;0.50 ;0.50 ;;
17:17:20;Mobile.Bff.Shop;8160;1.42 ; 79.630.000.00;;;4.59;0.67 ;0.11 ;;
17:17:50;Mobile.Bff.Shop;8160;1.40 ; 74.530.000.00;;;4.32;0.30 ;0.12 ;;
17:18:20;Mobile.Bff.Shop;8160;2.02 ; 71.850.000.00;;;4.63;0.43 ;0.15 ;;
17:18:50;Mobile.Bff.Shop;8160;1.33 ; 75.190.000.00;;;4.36;0.30 ;0.09 ;;
17:19:20;Mobile.Bff.Shop;8160;1.39 ; 80.260.000.00;;;4.39;0.37 ;0.13 ;;
17:19:50;Mobile.Bff.Shop;8160;1.42 ; 75.350.000.00;;;4.39;0.33 ;0.12 ;;
17:20:20;Mobile.Bff.Shop;8160;1.68 ; 80.490.000.00;;;4.59;0.43 ;0.11 ;;
17:20:50;Mobile.Bff.Shop;8160;1.40 ; 77.410.000.00;;;4.46;0.37 ;0.10 ;;
17:21:20;Mobile.Bff.Shop;8160;1.49 ; 78.110.000.00;;;4.43;0.23 ;0.12 ;;
17:21:50;Mobile.Bff.Shop;8160;1.70 ; 70.200.000.00;;;4.56;0.47 ;0.14 ;;
17:22:20;Mobile.Bff.Shop;8160;1.60 ; 80.010.000.00;;;4.66;0.57 ;0.10 ;;
17:22:51;Mobile.Bff.Shop;8160;1.21 ; 75.670.000.00;;;4.26;0.63 ;0.09 ;;
17:23:21;Mobile.Bff.Shop;8160;1.74 ; 69.810.000.00;;;4.53;0.60 ;0.16 ;;
17:23:51;Mobile.Bff.Shop;8160;1.44 ; 76.200.000.00;;;4.42;0.57 ;0.10 ;;
17:24:21;Mobile.Bff.Shop;8160;1.59 ; 75.010.000.00;;;4.56;0.50 ;0.11 ;;
17:24:51;Mobile.Bff.Shop;8160;1.45 ; 75.080.000.00;;;4.43;0.43 ;0.09 ;;
17:25:21;Mobile.Bff.Shop;8160;1.73 ; 76.930.000.00;;;4.53;0.67 ;0.12 ;;
17:25:51;Mobile.Bff.Shop;8160;1.37 ; 77.230.000.00;;;4.59;0.63 ;0.10 ;;
17:26:21;Mobile.Bff.Shop;8160;1.56 ; 78.120.000.00;;;4.53;0.80 ;0.11 ;;
17:26:51;Mobile.Bff.Shop;8160;1.57 ; 75.040.000.00;;;4.46;0.60 ;0.09 ;;
17:27:21;Mobile.Bff.Shop;8160;1.54 ; 72.130.000.00;;;4.56;0.57 ;0.12 ;;
17:27:51;Mobile.Bff.Shop;8160;1.56 ; 82.450.000.00;;;4.59;0.73 ;0.09 ;;
17:28:21;Mobile.Bff.Shop;8160;1.33 ; 76.760.000.00;;;4.36;0.33 ;0.09 ;;
17:28:51;Mobile.Bff.Shop;8160;1.50 ; 79.700.000.00;;;4.49;0.47 ;0.10 ;;
17:29:21;Mobile.Bff.Shop;8160;1.79 ; 69.290.000.00;;;4.53;0.53 ;0.15 ;;
17:29:51;Mobile.Bff.Shop;8160;1.37 ; 75.450.000.03;;;4.39;0.77 ;0.10 ;;
17:30:21;Mobile.Bff.Shop;8160;1.45 ; 76.050.000.00;;;4.36;0.63 ;0.10 ;;
17:30:51;Mobile.Bff.Shop;8160;1.51 ; 68.630.000.00;;;4.49;0.33 ;0.14 ;;
17:31:21;Mobile.Bff.Shop;8160;1.31 ; 80.310.000.00;;;4.29;0.47 ;0.08 ;;
17:31:52;Mobile.Bff.Shop;8160;1.54 ; 82.610.000.00;;;4.46;0.50 ;0.09 ;;
17:32:22;Mobile.Bff.Shop;8160;1.35 ; 74.480.000.00;;;4.36;0.43 ;0.09 ;;
17:32:52;Mobile.Bff.Shop;8160;1.74 ; 78.500.000.03;;;4.49;0.77 ;0.11 ;;
17:33:22;Mobile.Bff.Shop;8160;1.56 ; 77.570.000.00;;;4.53;0.40 ;0.10 ;;
17:33:52;Mobile.Bff.Shop;8160;1.46 ; 76.660.000.00;;;4.43;0.37 ;0.11 ;;
17:03:49;OrderProcessor ;8150;7.61 ; 87.350.000.00;;;5.40;0.33 ;1.95 ;;
17:04:19;OrderProcessor ;8150;5.41 ; 84.200.000.00;;;4.79;0.57 ;0.61 ;;
17:04:49;OrderProcessor ;8150;4.45 ; 83.440.030.00;;;4.59;0.43 ;0.48 ;;
17:05:19;OrderProcessor ;8150;6.51 ; 88.900.000.00;;;4.73;0.57 ;1.98 ;;
17:05:49;OrderProcessor ;8150;5.85 ; 85.780.000.03;;;4.76;0.40 ;0.56 ;;
17:06:19;OrderProcessor ;8150;3.99 ; 82.380.030.00;;;4.76;0.33 ;0.61 ;;
17:06:49;OrderProcessor ;8150;4.11 ; 86.080.000.00;;;4.59;0.60 ;0.29 ;;
17:07:19;OrderProcessor ;8150;5.04 ; 85.280.000.00;;;4.72;0.70 ;0.43 ;;
17:07:49;OrderProcessor ;8150;6.85 ; 86.360.000.03;;;4.56;0.30 ;1.71 ;;
17:08:19;OrderProcessor ;8150;5.23 ; 84.700.030.00;;;4.69;0.53 ;0.55 ;;
17:08:49;OrderProcessor ;8150;4.45 ; 82.650.000.03;;;4.59;0.57 ;0.44 ;;
17:09:19;OrderProcessor ;8150;4.81 ; 76.650.000.00;;;4.73;0.53 ;0.45 ;;
17:09:49;OrderProcessor ;8150;3.43 ; 83.140.000.00;;;4.73;0.43 ;0.22 ;;
17:10:19;OrderProcessor ;8150;4.36 ; 86.090.000.00;;;4.66;0.47 ;0.53 ;;
17:10:49;OrderProcessor ;8150;3.88 ; 84.180.000.00;;;4.36;0.70 ;0.34 ;;
17:11:19;OrderProcessor ;8150;3.25 ; 81.640.000.00;;;4.76;0.40 ;0.33 ;;
17:11:49;OrderProcessor ;8150;2.88 ; 82.300.000.00;;;4.43;0.50 ;0.14 ;;
17:12:19;OrderProcessor ;8150;3.15 ; 78.900.000.00;;;4.92;0.60 ;0.17 ;;
17:12:49;OrderProcessor ;8150;3.42 ; 84.690.000.00;;;4.46;0.43 ;0.31 ;;
17:13:19;OrderProcessor ;8150;4.59 ; 83.070.030.00;;;4.86;0.57 ;0.69 ;;
17:13:50;OrderProcessor ;8150;4.03 ; 79.000.030.03;;;4.63;0.50 ;0.26 ;;
17:14:20;OrderProcessor ;8150;3.29 ; 79.140.000.00;;;5.02;0.37 ;0.18 ;;
17:14:50;OrderProcessor ;8150;2.86 ; 79.460.000.00;;;4.59;0.47 ;0.21 ;;
17:15:20;OrderProcessor ;8150;5.41 ; 84.550.000.00;;;4.69;0.57 ;0.67 ;;
17:15:50;OrderProcessor ;8150;3.45 ; 74.630.000.00;;;4.49;0.53 ;0.29 ;;
17:16:20;OrderProcessor ;8150;3.55 ; 82.680.000.03;;;4.86;0.43 ;0.43 ;;
17:16:50;OrderProcessor ;8150;3.00 ; 78.660.000.00;;;4.46;0.23 ;0.28 ;;
17:17:20;OrderProcessor ;8150;3.77 ; 73.240.000.00;;;4.86;0.43 ;0.29 ;;
17:17:50;OrderProcessor ;8150;4.82 ; 83.360.000.00;;;4.59;0.30 ;0.83 ;;
17:18:20;OrderProcessor ;8150;6.01 ; 86.130.000.00;;;4.49;0.63 ;2.33 ;;
17:18:50;OrderProcessor ;8150;2.74 ; 76.100.000.00;;;4.79;0.47 ;0.18 ;;
17:19:20;OrderProcessor ;8150;3.01 ; 72.610.030.00;;;4.66;0.33 ;0.24 ;;
17:19:50;OrderProcessor ;8150;2.88 ; 73.980.000.03;;;4.86;0.20 ;0.18 ;;
17:20:20;OrderProcessor ;8150;2.35 ; 76.360.000.00;;;4.42;0.50 ;0.16 ;;
17:20:50;OrderProcessor ;8150;3.21 ; 80.650.000.00;;;4.72;0.73 ;0.23 ;;
17:21:20;OrderProcessor ;8150;2.84 ; 72.540.000.00;;;4.82;0.47 ;0.20 ;;
17:21:50;OrderProcessor ;8150;2.69 ; 72.500.000.00;;;4.69;0.43 ;0.17 ;;
17:22:20;OrderProcessor ;8150;2.73 ; 75.250.000.00;;;4.82;0.60 ;0.21 ;;
17:22:51;OrderProcessor ;8150;3.08 ; 78.300.000.00;;;4.73;0.17 ;0.23 ;;
17:23:21;OrderProcessor ;8150;3.58 ; 77.280.030.00;;;4.86;0.30 ;0.30 ;;
17:23:51;OrderProcessor ;8150;2.77 ; 76.780.030.00;;;4.79;0.30 ;0.19 ;;
17:24:21;OrderProcessor ;8150;3.39 ; 74.300.000.00;;;4.56;0.30 ;0.24 ;;
17:24:51;OrderProcessor ;8150;2.76 ; 79.470.000.00;;;4.36;0.47 ;0.20 ;;
17:25:21;OrderProcessor ;8150;4.22 ; 82.680.000.00;;;4.79;0.40 ;0.58 ;;
17:25:51;OrderProcessor ;8150;2.18 ; 77.980.000.00;;;4.49;0.43 ;0.19 ;;
17:26:21;OrderProcessor ;8150;2.44 ; 78.620.000.00;;;4.49;0.43 ;0.18 ;;
17:26:51;OrderProcessor ;8150;3.32 ; 75.090.000.00;;;4.82;0.53 ;0.16 ;;
17:27:21;OrderProcessor ;8150;2.50 ; 79.650.000.00;;;4.82;0.77 ;0.14 ;;
17:27:51;OrderProcessor ;8150;2.98 ; 72.960.030.03;;;4.52;0.67 ;0.19 ;;
17:28:21;OrderProcessor ;8150;3.20 ; 76.660.030.03;;;5.19;0.33 ;0.28 ;;
17:28:51;OrderProcessor ;8150;3.14 ; 82.760.000.03;;;4.76;0.57 ;0.30 ;;
17:29:21;OrderProcessor ;8150;2.71 ; 70.470.000.03;;;4.69;0.67 ;0.18 ;;
17:29:51;OrderProcessor ;8150;3.49 ; 76.640.030.00;;;4.62;0.57 ;0.26 ;;
17:30:21;OrderProcessor ;8150;3.27 ; 80.210.000.00;;;4.76;0.53 ;0.40 ;;
17:30:51;OrderProcessor ;8150;3.06 ; 75.000.000.03;;;4.86;0.43 ;0.27 ;;
17:31:21;OrderProcessor ;8150;3.99 ; 86.090.000.00;;;4.63;0.63 ;0.52 ;;
17:31:52;OrderProcessor ;8150;3.33 ; 84.350.000.00;;;4.82;0.67 ;0.25 ;;
17:32:22;OrderProcessor ;8150;3.82 ; 86.090.000.00;;;4.62;0.67 ;0.39 ;;
17:32:52;OrderProcessor ;8150;3.52 ; 79.390.000.00;;;4.76;0.90 ;0.49 ;;
17:33:22;OrderProcessor ;8150;7.44 ; 91.240.030.00;;;4.86;0.50 ;12.30;;
17:33:52;OrderProcessor ;8150;2.26 ; 79.960.000.00;;;4.73;0.83 ;0.18 ;;
17:03:49;eShop.AppHost;8064;5.49 ; 74.380.000.03;;;3.26;0.23 ;0.70 ;;
17:04:19;eShop.AppHost;8064;4.00 ; 77.810.000.00;;;2.93;0.57 ;0.66 ;;
17:04:49;eShop.AppHost;8064;0.75 ; 65.390.000.03;;;2.00;0.33 ;0.06 ;;
17:05:19;eShop.AppHost;8064;0.84 ; 57.380.000.00;;;1.70;0.10 ;0.06 ;;
17:05:49;eShop.AppHost;8064;0.70 ; 71.990.000.00;;;1.76;0.23 ;0.05 ;;
17:06:19;eShop.AppHost;8064;0.82 ; 43.590.000.00;;;1.70;0.20 ;0.06 ;;
17:06:49;eShop.AppHost;8064;0.90 ; 74.790.000.00;;;1.80;0.23 ;0.05 ;;
17:07:19;eShop.AppHost;8064;0.64 ; 76.120.000.00;;;1.70;0.20 ;0.03 ;;
17:07:49;eShop.AppHost;8064;0.54 ; 70.400.000.00;;;1.70;0.37 ;0.02 ;;
17:08:19;eShop.AppHost;8064;0.42 ; 66.490.000.00;;;1.70;0.20 ;0.02 ;;
17:08:49;eShop.AppHost;8064;0.39 ; 72.420.000.00;;;1.66;0.10 ;0.02 ;;
17:09:19;eShop.AppHost;8064;1.05 ; 62.840.000.00;;;1.70;0.07 ;0.12 ;;
17:09:49;eShop.AppHost;8064;0.68 ; 60.280.000.00;;;1.76;0.20 ;0.05 ;;
17:10:19;eShop.AppHost;8064;0.95 ; 65.580.000.00;;;1.73;0.07 ;0.08 ;;
17:10:49;eShop.AppHost;8064;0.85 ; 84.720.000.00;;;1.73;0.07 ;0.05 ;;
17:11:19;eShop.AppHost;8064;0.45 ; 71.050.000.00;;;1.66;0.20 ;0.03 ;;
17:11:49;eShop.AppHost;8064;0.58 ; 60.350.000.00;;;1.80;0.17 ;0.02 ;;
17:12:19;eShop.AppHost;8064;0.52 ; 59.690.000.00;;;1.66;0.10 ;0.02 ;;
17:12:49;eShop.AppHost;8064;0.61 ; 60.120.000.00;;;1.70;0.33 ;0.03 ;;
17:13:19;eShop.AppHost;8064;0.44 ; 60.430.000.00;;;1.66;0.20 ;0.04 ;;
17:13:50;eShop.AppHost;8064;0.42 ; 64.040.000.00;;;1.66;0.20 ;0.04 ;;
17:14:20;eShop.AppHost;8064;0.50 ; 59.530.000.00;;;1.66;0.27 ;0.03 ;;
17:14:50;eShop.AppHost;8064;0.47 ; 58.280.000.00;;;1.66;0.13 ;0.03 ;;
17:15:20;eShop.AppHost;8064;0.40 ; 65.930.000.00;;;1.66;0.20 ;0.03 ;;
17:15:50;eShop.AppHost;8064;0.58 ; 64.440.000.00;;;1.70;0.10 ; 0.04 ;;
17:16:20;eShop.AppHost;8064;0.57 ; 46.490.000.00;;;1.66;0.20 ;0.07 ;;
17:16:50;eShop.AppHost;8064;0.57 ; 68.170.000.00;;;1.70;0.20 ;0.05 ;0,00;
17:17:20;eShop.AppHost;8064;0.52 ; 61.500.000.00;;;1.70;0.07 ;0.02 ;;
17:17:50;eShop.AppHost;8064;0.54 ; 68.770.000.00;;;1.70;0.20 ;0.04 ;;
17:18:20;eShop.AppHost;8064;0.87 ; 79.740.000.00;;;1.70;0.17 ;0.05 ;;
17:18:50;eShop.AppHost;8064;1.53 ; 74.740.000.00;;;1.73;0.30 ;0.21 ;;
17:19:20;eShop.AppHost;8064;0.51 ; 61.700.000.00;;;1.70;0.23 ;0.02 ;;
17:19:50;eShop.AppHost;8064;0.42 ; 63.270.000.00;;;1.66;0.20 ;0.03 ;;
17:20:20;eShop.AppHost;8064;0.44 ; 63.840.000.00;;;1.66;0.33 ;0.04 ;;
17:20:50;eShop.AppHost;8064;0.44 ; 69.350.000.00;;;1.66;0.40 ;0.02 ;;
17:21:20;eShop.AppHost;8064;0.46 ; 62.380.000.00;;;1.66;0.27 ;0.03 ;;
17:21:50;eShop.AppHost;8064;0.61 ; 65.990.000.00;;;1.66;0.13 ;0.06 ;;
17:22:20;eShop.AppHost;8064;0.68 ; 47.190.000.00;;;1.73;0.13 ;0.05 ;;
17:22:51;eShop.AppHost;8064;0.48 ; 54.320.000.00;;;1.66;0.07 ;0.05 ;;
17:23:21;eShop.AppHost;8064;0.45 ; 68.840.000.00;;;1.66;0.13 ;0.03 ;;
17:23:51;eShop.AppHost;8064;0.44 ; 59.240.000.00;;;1.66;0.07 ;0.03 ;;
17:24:21;eShop.AppHost;8064;0.56 ; 46.770.000.00;;;1.66;0.17 ;0.05 ;;
17:24:51;eShop.AppHost;8064;0.43 ; 71.330.000.00;;;1.70;0.23 ;0.02 ;;
17:25:21;eShop.AppHost;8064;1.52 ; 74.740.000.00;;;1.73;0.10 ;0.16 ;;
17:25:51;eShop.AppHost;8064;0.48 ; 56.910.000.00;;;1.66;0.07 ;0.03 ;;
17:26:21;eShop.AppHost;8064;0.41 ; 70.810.000.00;;;1.70;0.27 ;0.02 ;;
17:26:51;eShop.AppHost;8064;0.50 ; 59.080.000.00;;;1.66;0.13 ;0.02 ;;
17:27:21;eShop.AppHost;8064;0.47 ; 57.950.000.00;;;1.66;0.17 ;0.06 ;;
17:27:51;eShop.AppHost;8064;0.58 ; 48.450.000.00;;;1.66;0.10 ;0.06 ;;
17:28:21;eShop.AppHost;8064;0.84 ; 60.980.000.00;;;1.70;0.27 ;0.04 ;;
17:28:51;eShop.AppHost;8064;0.40 ; 64.390.000.00;;;1.66;0.07 ;0.03 ;;
17:29:21;eShop.AppHost;8064;0.44 ; 59.470.000.00;;;1.66;0.10 ;0.04 ;;
17:29:51;eShop.AppHost;8064;0.42 ; 67.000.000.00;;;1.66;0.33 ;0.02 ;;
17:30:21;eShop.AppHost;8064;0.53 ; 53.380.000.00;;;1.66;0.20 ;0.03 ;;
17:30:51;eShop.AppHost;8064;0.53 ; 54.520.000.00;;;1.66;0.03 ;0.03 ;;
17:31:21;eShop.AppHost;8064;0.76 ; 63.880.000.00;;;1.70;0.10 ;0.05 ;;
17:31:52;eShop.AppHost;8064;0.49 ; 59.460.000.00;;;1.70;0.20 ;0.03 ;;
17:32:22;eShop.AppHost;8064;0.44 ; 58.020.000.00;;;1.66;0.37 ;0.02 ;;
17:32:52;eShop.AppHost;8064;0.40 ; 73.350.000.00;;;1.66;0.30 ;0.01 ;;
17:33:22;eShop.AppHost;8064;0.77 ; 57.970.000.00;;;1.83;0.23 ;0.19 ;;
17:33:52;eShop.AppHost;8064;0.52 ; 62.840.000.00;;;1.70;0.13 ;0.02 ;;